{
  "video-0" : {
    "transaction" : "video-0",
    "sampleCount" : 318,
    "errorCount" : 0,
    "errorPct" : 0.0,
    "meanResTime" : 287.77987421383637,
    "medianResTime" : 280.0,
    "minResTime" : 250.0,
    "maxResTime" : 571.0,
    "pct1ResTime" : 308.0,
    "pct2ResTime" : 327.65000000000015,
    "pct3ResTime" : 557.24,
    "throughput" : 2.6819374045930284,
    "receivedKBytesPerSec" : 0.9770154854475378,
    "sentKBytesPerSec" : 0.3745283680242218
  },
  "video-1" : {
    "transaction" : "video-1",
    "sampleCount" : 318,
    "errorCount" : 0,
    "errorPct" : 0.0,
    "meanResTime" : 35142.04088050313,
    "medianResTime" : 36649.0,
    "minResTime" : 995.0,
    "maxResTime" : 64824.0,
    "pct1ResTime" : 59013.00000000001,
    "pct2ResTime" : 62016.75,
    "pct3ResTime" : 64247.19,
    "throughput" : 1.7365661861074706,
    "receivedKBytesPerSec" : 31.604579860542266,
    "sentKBytesPerSec" : 0.24250875450524245
  },
  "home-1" : {
    "transaction" : "home-1",
    "sampleCount" : 500,
    "errorCount" : 0,
    "errorPct" : 0.0,
    "meanResTime" : 34358.234,
    "medianResTime" : 36550.0,
    "minResTime" : 566.0,
    "maxResTime" : 65125.0,
    "pct1ResTime" : 58561.9,
    "pct2ResTime" : 61707.2,
    "pct3ResTime" : 64257.0,
    "throughput" : 2.710482520098228,
    "receivedKBytesPerSec" : 52.64715251952903,
    "sentKBytesPerSec" : 0.3520450929424456
  },
  "home-0" : {
    "transaction" : "home-0",
    "sampleCount" : 500,
    "errorCount" : 0,
    "errorPct" : 0.0,
    "meanResTime" : 297.52799999999996,
    "medianResTime" : 285.0,
    "minResTime" : 247.0,
    "maxResTime" : 1311.0,
    "pct1ResTime" : 317.0,
    "pct2ResTime" : 377.1999999999998,
    "pct3ResTime" : 573.97,
    "throughput" : 4.168403501458942,
    "receivedKBytesPerSec" : 1.4372850666944559,
    "sentKBytesPerSec" : 0.5414039704043351
  },
  "Total" : {
    "transaction" : "Total",
    "sampleCount" : 2454,
    "errorCount" : 0,
    "errorPct" : 0.0,
    "meanResTime" : 23304.552159739196,
    "medianResTime" : 18646.5,
    "minResTime" : 247.0,
    "maxResTime" : 65469.0,
    "pct1ResTime" : 56261.5,
    "pct2ResTime" : 60241.25,
    "pct3ResTime" : 64134.899999999994,
    "throughput" : 13.271464728405476,
    "receivedKBytesPerSec" : 170.7600135100969,
    "sentKBytesPerSec" : 2.3654922312717677
  },
  "video" : {
    "transaction" : "video",
    "sampleCount" : 318,
    "errorCount" : 0,
    "errorPct" : 0.0,
    "meanResTime" : 35429.94968553458,
    "medianResTime" : 36941.5,
    "minResTime" : 1270.0,
    "maxResTime" : 65192.0,
    "pct1ResTime" : 59300.600000000006,
    "pct2ResTime" : 62289.0,
    "pct3ResTime" : 64535.66,
    "throughput" : 1.73396221271027,
    "receivedKBytesPerSec" : 32.18886211285749,
    "sentKBytesPerSec" : 0.4842902273780637
  },
  "home" : {
    "transaction" : "home",
    "sampleCount" : 500,
    "errorCount" : 0,
    "errorPct" : 0.0,
    "meanResTime" : 34656.166,
    "medianResTime" : 36839.0,
    "minResTime" : 929.0,
    "maxResTime" : 65469.0,
    "pct1ResTime" : 58825.0,
    "pct2ResTime" : 61992.5,
    "pct3ResTime" : 64618.44,
    "throughput" : 2.7040474181755254,
    "receivedKBytesPerSec" : 53.45452831610856,
    "sentKBytesPerSec" : 0.7024185676120017
  }
}