{
  "video-0" : {
    "transaction" : "video-0",
    "sampleCount" : 249,
    "errorCount" : 0,
    "errorPct" : 0.0,
    "meanResTime" : 294.5100401606424,
    "medianResTime" : 278.0,
    "minResTime" : 246.0,
    "maxResTime" : 1001.0,
    "pct1ResTime" : 315.0,
    "pct2ResTime" : 410.5,
    "pct3ResTime" : 582.0,
    "throughput" : 2.0945667443366784,
    "receivedKBytesPerSec" : 0.7636276960186408,
    "sentKBytesPerSec" : 0.2925029730860791
  },
  "video-1" : {
    "transaction" : "video-1",
    "sampleCount" : 249,
    "errorCount" : 0,
    "errorPct" : 0.0,
    "meanResTime" : 689.1807228915657,
    "medianResTime" : 546.0,
    "minResTime" : 296.0,
    "maxResTime" : 1901.0,
    "pct1ResTime" : 1216.0,
    "pct2ResTime" : 1413.5,
    "pct3ResTime" : 1847.5,
    "throughput" : 2.0799224832102645,
    "receivedKBytesPerSec" : 37.85494648532778,
    "sentKBytesPerSec" : 0.2904579249014334
  },
  "home-1" : {
    "transaction" : "home-1",
    "sampleCount" : 250,
    "errorCount" : 0,
    "errorPct" : 0.0,
    "meanResTime" : 696.644,
    "medianResTime" : 564.0,
    "minResTime" : 300.0,
    "maxResTime" : 1919.0,
    "pct1ResTime" : 1281.5,
    "pct2ResTime" : 1488.2999999999997,
    "pct3ResTime" : 1847.3000000000006,
    "throughput" : 2.0863759649488838,
    "receivedKBytesPerSec" : 40.52389226476111,
    "sentKBytesPerSec" : 0.27098437825996247
  },
  "home-0" : {
    "transaction" : "home-0",
    "sampleCount" : 250,
    "errorCount" : 0,
    "errorPct" : 0.0,
    "meanResTime" : 288.844,
    "medianResTime" : 281.0,
    "minResTime" : 251.0,
    "maxResTime" : 569.0,
    "pct1ResTime" : 314.5,
    "pct2ResTime" : 328.45,
    "pct3ResTime" : 563.94,
    "throughput" : 2.0883628070937506,
    "receivedKBytesPerSec" : 0.7200772850865835,
    "sentKBytesPerSec" : 0.2712424349057313
  },
  "Total" : {
    "transaction" : "Total",
    "sampleCount" : 1497,
    "errorCount" : 0,
    "errorPct" : 0.0,
    "meanResTime" : 656.4856379425519,
    "medianResTime" : 566.0,
    "minResTime" : 246.0,
    "maxResTime" : 2193.0,
    "pct1ResTime" : 1238.6000000000004,
    "pct2ResTime" : 1515.0,
    "pct3ResTime" : 1917.04,
    "throughput" : 12.363318027154701,
    "receivedKBytesPerSec" : 157.98286533006012,
    "sentKBytesPerSec" : 2.221372404694262
  },
  "video" : {
    "transaction" : "video",
    "sampleCount" : 249,
    "errorCount" : 0,
    "errorPct" : 0.0,
    "meanResTime" : 983.7751004016071,
    "medianResTime" : 876.0,
    "minResTime" : 574.0,
    "maxResTime" : 2178.0,
    "pct1ResTime" : 1515.0,
    "pct2ResTime" : 1694.5,
    "pct3ResTime" : 2133.0,
    "throughput" : 2.07517293107759,
    "receivedKBytesPerSec" : 38.525061007688144,
    "sentKBytesPerSec" : 0.5795893147345612
  },
  "home" : {
    "transaction" : "home",
    "sampleCount" : 250,
    "errorCount" : 0,
    "errorPct" : 0.0,
    "meanResTime" : 985.952,
    "medianResTime" : 852.0,
    "minResTime" : 567.0,
    "maxResTime" : 2193.0,
    "pct1ResTime" : 1557.7,
    "pct2ResTime" : 1777.8,
    "pct3ResTime" : 2135.4900000000007,
    "throughput" : 2.0796246693396774,
    "receivedKBytesPerSec" : 41.10982549869399,
    "sentKBytesPerSec" : 0.5402150019964397
  }
}