{
  "video-0" : {
    "transaction" : "video-0",
    "sampleCount" : 362,
    "errorCount" : 0,
    "errorPct" : 0.0,
    "meanResTime" : 281.90331491712686,
    "medianResTime" : 272.0,
    "minResTime" : 244.0,
    "maxResTime" : 578.0,
    "pct1ResTime" : 304.0,
    "pct2ResTime" : 327.69999999999993,
    "pct3ResTime" : 563.85,
    "throughput" : 3.046855930848154,
    "receivedKBytesPerSec" : 1.111304140609876,
    "sentKBytesPerSec" : 0.4254886700305527
  },
  "video-1" : {
    "transaction" : "video-1",
    "sampleCount" : 362,
    "errorCount" : 0,
    "errorPct" : 0.0,
    "meanResTime" : 234134.40055248622,
    "medianResTime" : 227308.0,
    "minResTime" : 4902.0,
    "maxResTime" : 451981.0,
    "pct1ResTime" : 420685.0,
    "pct2ResTime" : 439465.44999999995,
    "pct3ResTime" : 449881.63,
    "throughput" : 0.6345155421251714,
    "receivedKBytesPerSec" : 11.548447156862057,
    "sentKBytesPerSec" : 0.0886091040272456
  },
  "home-1" : {
    "transaction" : "home-1",
    "sampleCount" : 2000,
    "errorCount" : 1,
    "errorPct" : 0.05,
    "meanResTime" : 233691.90349999993,
    "medianResTime" : 225990.5,
    "minResTime" : 389.0,
    "maxResTime" : 451693.0,
    "pct1ResTime" : 413460.10000000003,
    "pct2ResTime" : 434083.95,
    "pct3ResTime" : 448463.18,
    "throughput" : 3.5008734679302487,
    "receivedKBytesPerSec" : 67.96664981780143,
    "sentKBytesPerSec" : 0.45470329222140926
  },
  "home-0" : {
    "transaction" : "home-0",
    "sampleCount" : 2000,
    "errorCount" : 0,
    "errorPct" : 0.0,
    "meanResTime" : 285.16749999999934,
    "medianResTime" : 274.0,
    "minResTime" : 246.0,
    "maxResTime" : 1624.0,
    "pct1ResTime" : 304.0,
    "pct2ResTime" : 327.0,
    "pct3ResTime" : 538.0,
    "throughput" : 16.650709736502517,
    "receivedKBytesPerSec" : 5.740511046705241,
    "sentKBytesPerSec" : 2.162641010698081
  },
  "Total" : {
    "transaction" : "Total",
    "sampleCount" : 7086,
    "errorCount" : 2,
    "errorPct" : 0.028224668,
    "meanResTime" : 156029.69376234862,
    "medianResTime" : 125583.5,
    "minResTime" : 244.0,
    "maxResTime" : 452273.0,
    "pct1ResTime" : 396264.8,
    "pct2ResTime" : 424554.54999999993,
    "pct3ResTime" : 447163.72000000003,
    "throughput" : 12.383738609791648,
    "receivedKBytesPerSec" : 161.61601298033736,
    "sentKBytesPerSec" : 2.169292378390848
  },
  "video" : {
    "transaction" : "video",
    "sampleCount" : 362,
    "errorCount" : 0,
    "errorPct" : 0.0,
    "meanResTime" : 234416.3729281768,
    "medianResTime" : 227600.0,
    "minResTime" : 5180.0,
    "maxResTime" : 452273.0,
    "pct1ResTime" : 420973.1,
    "pct2ResTime" : 439742.44999999995,
    "pct3ResTime" : 450143.11,
    "throughput" : 0.6342065060477371,
    "receivedKBytesPerSec" : 11.774141784573013,
    "sentKBytesPerSec" : 0.17713189524380157
  },
  "home" : {
    "transaction" : "home",
    "sampleCount" : 2000,
    "errorCount" : 1,
    "errorPct" : 0.05,
    "meanResTime" : 233977.41949999973,
    "medianResTime" : 226433.5,
    "minResTime" : 676.0,
    "maxResTime" : 451966.0,
    "pct1ResTime" : 413723.5,
    "pct2ResTime" : 434352.85,
    "pct3ResTime" : 448741.4,
    "throughput" : 3.4976714252486407,
    "receivedKBytesPerSec" : 69.11034452446097,
    "sentKBytesPerSec" : 0.908574803824354
  }
}