{
  "video-0" : {
    "transaction" : "video-0",
    "sampleCount" : 433,
    "errorCount" : 0,
    "errorPct" : 0.0,
    "meanResTime" : 283.5427251732103,
    "medianResTime" : 273.0,
    "minResTime" : 243.0,
    "maxResTime" : 561.0,
    "pct1ResTime" : 310.0,
    "pct2ResTime" : 332.39999999999964,
    "pct3ResTime" : 540.5999999999997,
    "throughput" : 3.636760679309939,
    "receivedKBytesPerSec" : 1.3260882460398784,
    "sentKBytesPerSec" : 0.5078679464270717
  },
  "video-1" : {
    "transaction" : "video-1",
    "sampleCount" : 433,
    "errorCount" : 1,
    "errorPct" : 0.23094688,
    "meanResTime" : 156920.7136258662,
    "medianResTime" : 154346.0,
    "minResTime" : 2797.0,
    "maxResTime" : 302712.0,
    "pct1ResTime" : 274756.8,
    "pct2ResTime" : 289389.39999999997,
    "pct3ResTime" : 300949.1,
    "throughput" : 1.0273103212657981,
    "receivedKBytesPerSec" : 18.65515442351402,
    "sentKBytesPerSec" : 0.14346228119239174
  },
  "home-1" : {
    "transaction" : "home-1",
    "sampleCount" : 1500,
    "errorCount" : 0,
    "errorPct" : 0.0,
    "meanResTime" : 148367.93333333344,
    "medianResTime" : 144371.5,
    "minResTime" : 686.0,
    "maxResTime" : 303133.0,
    "pct1ResTime" : 272597.30000000005,
    "pct2ResTime" : 287953.60000000003,
    "pct3ResTime" : 300532.62,
    "throughput" : 3.547566960326376,
    "receivedKBytesPerSec" : 68.90561485617573,
    "sentKBytesPerSec" : 0.46076797433926564
  },
  "home-0" : {
    "transaction" : "home-0",
    "sampleCount" : 1500,
    "errorCount" : 0,
    "errorPct" : 0.0,
    "meanResTime" : 284.69600000000037,
    "medianResTime" : 275.0,
    "minResTime" : 247.0,
    "maxResTime" : 1327.0,
    "pct1ResTime" : 306.0,
    "pct2ResTime" : 324.0,
    "pct3ResTime" : 451.98,
    "throughput" : 12.489488014254668,
    "receivedKBytesPerSec" : 4.310336976794531,
    "sentKBytesPerSec" : 1.6221698299764364
  },
  "Total" : {
    "transaction" : "Total",
    "sampleCount" : 5799,
    "errorCount" : 2,
    "errorPct" : 0.034488704,
    "meanResTime" : 100378.91895154364,
    "medianResTime" : 78611.0,
    "minResTime" : 243.0,
    "maxResTime" : 303395.0,
    "pct1ResTime" : 256143.0,
    "pct2ResTime" : 280662.0,
    "pct3ResTime" : 299477.0,
    "throughput" : 13.704716417063896,
    "receivedKBytesPerSec" : 178.0668833852469,
    "sentKBytesPerSec" : 2.413315645095347
  },
  "video" : {
    "transaction" : "video",
    "sampleCount" : 433,
    "errorCount" : 1,
    "errorPct" : 0.23094688,
    "meanResTime" : 157204.31408775973,
    "medianResTime" : 154605.0,
    "minResTime" : 3081.0,
    "maxResTime" : 302969.0,
    "pct1ResTime" : 275026.0,
    "pct2ResTime" : 289666.6,
    "pct3ResTime" : 301223.26,
    "throughput" : 1.0266185839302184,
    "receivedKBytesPerSec" : 19.01693352007478,
    "sentKBytesPerSec" : 0.2867313623086352
  },
  "home" : {
    "transaction" : "home",
    "sampleCount" : 1500,
    "errorCount" : 0,
    "errorPct" : 0.0,
    "meanResTime" : 148652.9973333335,
    "medianResTime" : 144635.5,
    "minResTime" : 985.0,
    "maxResTime" : 303395.0,
    "pct1ResTime" : 272868.30000000005,
    "pct2ResTime" : 288219.85000000003,
    "pct3ResTime" : 300802.72,
    "throughput" : 3.5449344068970245,
    "receivedKBytesPerSec" : 70.07789965664357,
    "sentKBytesPerSec" : 0.9208521017916098
  }
}