{
  "video-0" : {
    "transaction" : "video-0",
    "sampleCount" : 301,
    "errorCount" : 0,
    "errorPct" : 0.0,
    "meanResTime" : 284.8637873754153,
    "medianResTime" : 275.0,
    "minResTime" : 245.0,
    "maxResTime" : 563.0,
    "pct1ResTime" : 307.0,
    "pct2ResTime" : 350.6999999999997,
    "pct3ResTime" : 537.2400000000007,
    "throughput" : 2.6009487846397126,
    "receivedKBytesPerSec" : 0.9476606312701443,
    "sentKBytesPerSec" : 0.3632184337924598
  },
  "video-1" : {
    "transaction" : "video-1",
    "sampleCount" : 301,
    "errorCount" : 0,
    "errorPct" : 0.0,
    "meanResTime" : 106030.28571428571,
    "medianResTime" : 110777.0,
    "minResTime" : 2939.0,
    "maxResTime" : 211888.0,
    "pct1ResTime" : 184788.6,
    "pct2ResTime" : 202334.99999999997,
    "pct3ResTime" : 209398.64,
    "throughput" : 0.9195163527276948,
    "receivedKBytesPerSec" : 16.73696729721762,
    "sentKBytesPerSec" : 0.12840902191412146
  },
  "home-1" : {
    "transaction" : "home-1",
    "sampleCount" : 1000,
    "errorCount" : 0,
    "errorPct" : 0.0,
    "meanResTime" : 118192.00300000004,
    "medianResTime" : 125784.0,
    "minResTime" : 899.0,
    "maxResTime" : 212780.0,
    "pct1ResTime" : 195903.3,
    "pct2ResTime" : 206565.44999999998,
    "pct3ResTime" : 212195.35,
    "throughput" : 3.0091115898941996,
    "receivedKBytesPerSec" : 58.44885716292684,
    "sentKBytesPerSec" : 0.3908318764218052
  },
  "home-0" : {
    "transaction" : "home-0",
    "sampleCount" : 1000,
    "errorCount" : 0,
    "errorPct" : 0.0,
    "meanResTime" : 292.6860000000001,
    "medianResTime" : 277.0,
    "minResTime" : 244.0,
    "maxResTime" : 1303.0,
    "pct1ResTime" : 307.0,
    "pct2ResTime" : 342.94999999999993,
    "pct3ResTime" : 580.96,
    "throughput" : 8.32826697092602,
    "receivedKBytesPerSec" : 2.8691855683625795,
    "sentKBytesPerSec" : 1.0816987374347273
  },
  "Total" : {
    "transaction" : "Total",
    "sampleCount" : 3903,
    "errorCount" : 0,
    "errorPct" : 0.0,
    "meanResTime" : 77112.86215731474,
    "medianResTime" : 52674.0,
    "minResTime" : 244.0,
    "maxResTime" : 213547.0,
    "pct1ResTime" : 188052.4,
    "pct2ResTime" : 200290.19999999995,
    "pct3ResTime" : 211786.96,
    "throughput" : 11.725897017602366,
    "receivedKBytesPerSec" : 152.3610659679348,
    "sentKBytesPerSec" : 2.0659809848491677
  },
  "video" : {
    "transaction" : "video",
    "sampleCount" : 301,
    "errorCount" : 0,
    "errorPct" : 0.0,
    "meanResTime" : 106315.25249169438,
    "medianResTime" : 111117.0,
    "minResTime" : 3208.0,
    "maxResTime" : 212205.0,
    "pct1ResTime" : 185063.2,
    "pct2ResTime" : 202604.29999999996,
    "pct3ResTime" : 209672.52000000002,
    "throughput" : 0.9187613509759932,
    "receivedKBytesPerSec" : 17.05797725607802,
    "sentKBytesPerSec" : 0.2566071741983731
  },
  "home" : {
    "transaction" : "home",
    "sampleCount" : 1000,
    "errorCount" : 0,
    "errorPct" : 0.0,
    "meanResTime" : 118485.06099999991,
    "medianResTime" : 126131.5,
    "minResTime" : 1237.0,
    "maxResTime" : 213547.0,
    "pct1ResTime" : 196228.5,
    "pct2ResTime" : 206854.49999999997,
    "pct3ResTime" : 212466.6,
    "throughput" : 3.0043292384325815,
    "receivedKBytesPerSec" : 59.39099159858105,
    "sentKBytesPerSec" : 0.7804214623272135
  }
}