{
  "video-0" : {
    "transaction" : "video-0",
    "sampleCount" : 587,
    "errorCount" : 0,
    "errorPct" : 0.0,
    "meanResTime" : 285.5826235093695,
    "medianResTime" : 274.0,
    "minResTime" : 246.0,
    "maxResTime" : 739.0,
    "pct1ResTime" : 317.0,
    "pct2ResTime" : 346.20000000000005,
    "pct3ResTime" : 488.0,
    "throughput" : 4.933560820635227,
    "receivedKBytesPerSec" : 1.795471151906607,
    "sentKBytesPerSec" : 0.6889640599129273
  },
  "video-1" : {
    "transaction" : "video-1",
    "sampleCount" : 587,
    "errorCount" : 476,
    "errorPct" : 81.09029,
    "meanResTime" : 84734.56899488924,
    "medianResTime" : 89368.0,
    "minResTime" : 272.0,
    "maxResTime" : 172154.0,
    "pct1ResTime" : 158917.2,
    "pct2ResTime" : 165490.8,
    "pct3ResTime" : 171193.08,
    "throughput" : 2.764121979243186,
    "receivedKBytesPerSec" : 31.189414350184116,
    "sentKBytesPerSec" : 0.38600531546071837
  },
  "home-1" : {
    "transaction" : "home-1",
    "sampleCount" : 3000,
    "errorCount" : 2223,
    "errorPct" : 74.1,
    "meanResTime" : 104232.48100000012,
    "medianResTime" : 124735.5,
    "minResTime" : 299.0,
    "maxResTime" : 172295.0,
    "pct1ResTime" : 162635.7,
    "pct2ResTime" : 168451.9,
    "pct3ResTime" : 171722.88,
    "throughput" : 14.033774617579642,
    "receivedKBytesPerSec" : 94.7468137118749,
    "sentKBytesPerSec" : 1.8227461173223558
  },
  "home-0" : {
    "transaction" : "home-0",
    "sampleCount" : 3000,
    "errorCount" : 0,
    "errorPct" : 0.0,
    "meanResTime" : 289.20800000000054,
    "medianResTime" : 276.0,
    "minResTime" : 243.0,
    "maxResTime" : 1311.0,
    "pct1ResTime" : 312.0,
    "pct2ResTime" : 341.0,
    "pct3ResTime" : 556.9899999999998,
    "throughput" : 24.97398543184183,
    "receivedKBytesPerSec" : 8.614561654526534,
    "sentKBytesPerSec" : 3.243691467221644
  },
  "Total" : {
    "transaction" : "Total",
    "sampleCount" : 10761,
    "errorCount" : 5398,
    "errorPct" : 50.162624,
    "meanResTime" : 67553.64845274594,
    "medianResTime" : 30839.0,
    "minResTime" : 243.0,
    "maxResTime" : 172581.0,
    "pct1ResTime" : 157566.40000000002,
    "pct2ResTime" : 164966.8,
    "pct3ResTime" : 171343.03999999998,
    "throughput" : 50.25663059671868,
    "receivedKBytesPerSec" : 262.711143027774,
    "sentKBytesPerSec" : 8.810384227843135
  },
  "video" : {
    "transaction" : "video",
    "sampleCount" : 587,
    "errorCount" : 476,
    "errorPct" : 81.09029,
    "meanResTime" : 85020.19250425896,
    "medianResTime" : 89637.0,
    "minResTime" : 548.0,
    "maxResTime" : 172479.0,
    "pct1ResTime" : 159206.2,
    "pct2ResTime" : 165761.4,
    "pct3ResTime" : 171503.44,
    "throughput" : 2.760651080980666,
    "receivedKBytesPerSec" : 32.15493386283045,
    "sentKBytesPerSec" : 0.771041219883272
  },
  "home" : {
    "transaction" : "home",
    "sampleCount" : 3000,
    "errorCount" : 2223,
    "errorPct" : 74.1,
    "meanResTime" : 104522.02066666655,
    "medianResTime" : 125024.5,
    "minResTime" : 566.0,
    "maxResTime" : 172581.0,
    "pct1ResTime" : 162908.2,
    "pct2ResTime" : 168760.4,
    "pct3ResTime" : 171994.91,
    "throughput" : 14.010769611574764,
    "receivedKBytesPerSec" : 99.42439361826958,
    "sentKBytesPerSec" : 3.6395163248817255
  }
}