{
  "video-0" : {
    "transaction" : "video-0",
    "sampleCount" : 394,
    "errorCount" : 0,
    "errorPct" : 0.0,
    "meanResTime" : 292.751269035533,
    "medianResTime" : 281.0,
    "minResTime" : 246.0,
    "maxResTime" : 719.0,
    "pct1ResTime" : 312.5,
    "pct2ResTime" : 359.5,
    "pct3ResTime" : 573.45,
    "throughput" : 3.3238286456663686,
    "receivedKBytesPerSec" : 1.2097089909986671,
    "sentKBytesPerSec" : 0.46416747688504956
  },
  "video-1" : {
    "transaction" : "video-1",
    "sampleCount" : 394,
    "errorCount" : 0,
    "errorPct" : 0.0,
    "meanResTime" : 54654.241116751225,
    "medianResTime" : 53858.0,
    "minResTime" : 2013.0,
    "maxResTime" : 109570.0,
    "pct1ResTime" : 99175.5,
    "pct2ResTime" : 104655.0,
    "pct3ResTime" : 108851.55,
    "throughput" : 1.729541803113175,
    "receivedKBytesPerSec" : 31.478791678829793,
    "sentKBytesPerSec" : 0.24152781039568755
  },
  "home-1" : {
    "transaction" : "home-1",
    "sampleCount" : 750,
    "errorCount" : 0,
    "errorPct" : 0.0,
    "meanResTime" : 54408.65733333331,
    "medianResTime" : 53523.0,
    "minResTime" : 825.0,
    "maxResTime" : 109525.0,
    "pct1ResTime" : 100081.4,
    "pct2ResTime" : 105060.24999999999,
    "pct3ResTime" : 108729.47,
    "throughput" : 3.2782729184059725,
    "receivedKBytesPerSec" : 63.67656702811447,
    "sentKBytesPerSec" : 0.42579130678515076
  },
  "home-0" : {
    "transaction" : "home-0",
    "sampleCount" : 750,
    "errorCount" : 0,
    "errorPct" : 0.0,
    "meanResTime" : 316.41599999999966,
    "medianResTime" : 282.0,
    "minResTime" : 248.0,
    "maxResTime" : 2337.0,
    "pct1ResTime" : 323.0,
    "pct2ResTime" : 471.3499999999998,
    "pct3ResTime" : 1318.49,
    "throughput" : 6.252136146516727,
    "receivedKBytesPerSec" : 2.1567427464800475,
    "sentKBytesPerSec" : 0.8120450268425045
  },
  "Total" : {
    "transaction" : "Total",
    "sampleCount" : 3432,
    "errorCount" : 0,
    "errorPct" : 0.0,
    "meanResTime" : 36534.43006993003,
    "medianResTime" : 27409.0,
    "minResTime" : 246.0,
    "maxResTime" : 109885.0,
    "pct1ResTime" : 92702.40000000001,
    "pct2ResTime" : 102211.85,
    "pct3ResTime" : 108631.78,
    "throughput" : 14.944415656800972,
    "receivedKBytesPerSec" : 192.8233374364797,
    "sentKBytesPerSec" : 2.6550477681351268
  },
  "video" : {
    "transaction" : "video",
    "sampleCount" : 394,
    "errorCount" : 0,
    "errorPct" : 0.0,
    "meanResTime" : 54947.03807106597,
    "medianResTime" : 54232.5,
    "minResTime" : 2314.0,
    "maxResTime" : 109885.0,
    "pct1ResTime" : 99464.0,
    "pct2ResTime" : 104933.5,
    "pct3ResTime" : 109146.20000000001,
    "throughput" : 1.7272595755500708,
    "receivedKBytesPerSec" : 32.06589057574954,
    "sentKBytesPerSec" : 0.4824182017649612
  },
  "home" : {
    "transaction" : "home",
    "sampleCount" : 750,
    "errorCount" : 0,
    "errorPct" : 0.0,
    "meanResTime" : 54725.48133333336,
    "medianResTime" : 53795.5,
    "minResTime" : 1199.0,
    "maxResTime" : 109781.0,
    "pct1ResTime" : 100476.8,
    "pct2ResTime" : 105569.0,
    "pct3ResTime" : 109001.47,
    "throughput" : 3.268201704694009,
    "receivedKBytesPerSec" : 64.60834755908908,
    "sentKBytesPerSec" : 0.8489664584459047
  }
}