{
  "video-0" : {
    "transaction" : "video-0",
    "sampleCount" : 50,
    "errorCount" : 0,
    "errorPct" : 0.0,
    "meanResTime" : 294.2200000000001,
    "medianResTime" : 277.0,
    "minResTime" : 255.0,
    "maxResTime" : 599.0,
    "pct1ResTime" : 321.79999999999995,
    "pct2ResTime" : 461.39999999999935,
    "pct3ResTime" : 599.0,
    "throughput" : 0.4275623813514392,
    "receivedKBytesPerSec" : 0.15532539635032752,
    "sentKBytesPerSec" : 0.05970841848950762
  },
  "video-1" : {
    "transaction" : "video-1",
    "sampleCount" : 50,
    "errorCount" : 0,
    "errorPct" : 0.0,
    "meanResTime" : 484.15999999999997,
    "medianResTime" : 432.0,
    "minResTime" : 285.0,
    "maxResTime" : 1054.0,
    "pct1ResTime" : 883.9999999999995,
    "pct2ResTime" : 1028.1499999999999,
    "pct3ResTime" : 1054.0,
    "throughput" : 0.4269162134239534,
    "receivedKBytesPerSec" : 7.769082954623076,
    "sentKBytesPerSec" : 0.059618182148071616
  },
  "home-1" : {
    "transaction" : "home-1",
    "sampleCount" : 50,
    "errorCount" : 0,
    "errorPct" : 0.0,
    "meanResTime" : 429.76,
    "medianResTime" : 408.5,
    "minResTime" : 320.0,
    "maxResTime" : 942.0,
    "pct1ResTime" : 514.4,
    "pct2ResTime" : 891.9499999999996,
    "pct3ResTime" : 942.0,
    "throughput" : 0.4250652475154936,
    "receivedKBytesPerSec" : 8.255779957535982,
    "sentKBytesPerSec" : 0.05520866984332095
  },
  "home-0" : {
    "transaction" : "home-0",
    "sampleCount" : 50,
    "errorCount" : 0,
    "errorPct" : 0.0,
    "meanResTime" : 309.54,
    "medianResTime" : 286.5,
    "minResTime" : 263.0,
    "maxResTime" : 581.0,
    "pct1ResTime" : 346.79999999999995,
    "pct2ResTime" : 549.9499999999999,
    "pct3ResTime" : 581.0,
    "throughput" : 0.4244193942686405,
    "receivedKBytesPerSec" : 0.14614285001867444,
    "sentKBytesPerSec" : 0.055124784607157404
  },
  "Total" : {
    "transaction" : "Total",
    "sampleCount" : 300,
    "errorCount" : 0,
    "errorPct" : 0.0,
    "meanResTime" : 506.0366666666664,
    "medianResTime" : 426.0,
    "minResTime" : 255.0,
    "maxResTime" : 1525.0,
    "pct1ResTime" : 791.0,
    "pct2ResTime" : 942.0,
    "pct3ResTime" : 1321.8500000000001,
    "throughput" : 2.5226407002850584,
    "receivedKBytesPerSec" : 32.22937912031314,
    "sentKBytesPerSec" : 0.4532870008324714
  },
  "video" : {
    "transaction" : "video",
    "sampleCount" : 50,
    "errorCount" : 0,
    "errorPct" : 0.0,
    "meanResTime" : 778.52,
    "medianResTime" : 707.0,
    "minResTime" : 556.0,
    "maxResTime" : 1324.0,
    "pct1ResTime" : 1182.9999999999998,
    "pct2ResTime" : 1313.75,
    "pct3ResTime" : 1324.0,
    "throughput" : 0.42591251756889137,
    "receivedKBytesPerSec" : 7.905543584160314,
    "sentKBytesPerSec" : 0.11895603518037395
  },
  "home" : {
    "transaction" : "home",
    "sampleCount" : 50,
    "errorCount" : 0,
    "errorPct" : 0.0,
    "meanResTime" : 740.02,
    "medianResTime" : 698.0,
    "minResTime" : 591.0,
    "maxResTime" : 1525.0,
    "pct1ResTime" : 906.0,
    "pct2ResTime" : 1173.5499999999995,
    "pct3ResTime" : 1525.0,
    "throughput" : 0.4229689033262275,
    "receivedKBytesPerSec" : 8.360707352045477,
    "sentKBytesPerSec" : 0.10987278152810205
  }
}