{
  "video-0" : {
    "transaction" : "video-0",
    "sampleCount" : 136,
    "errorCount" : 0,
    "errorPct" : 0.0,
    "meanResTime" : 279.625,
    "medianResTime" : 275.0,
    "minResTime" : 244.0,
    "maxResTime" : 440.0,
    "pct1ResTime" : 309.3,
    "pct2ResTime" : 319.05000000000007,
    "pct3ResTime" : 412.98999999999967,
    "throughput" : 5.054446798230944,
    "receivedKBytesPerSec" : 1.8405410302151857,
    "sentKBytesPerSec" : 0.705845597799829
  },
  "video-1" : {
    "transaction" : "video-1",
    "sampleCount" : 136,
    "errorCount" : 0,
    "errorPct" : 0.0,
    "meanResTime" : 226449.22058823536,
    "medianResTime" : 228649.0,
    "minResTime" : 152958.0,
    "maxResTime" : 256441.0,
    "pct1ResTime" : 250109.6,
    "pct2ResTime" : 252885.0,
    "pct3ResTime" : 256283.38,
    "throughput" : 0.4805025491366853,
    "receivedKBytesPerSec" : 8.744953867559719,
    "sentKBytesPerSec" : 0.06710143020170509
  },
  "home-1" : {
    "transaction" : "home-1",
    "sampleCount" : 1250,
    "errorCount" : 3,
    "errorPct" : 0.24,
    "meanResTime" : 163839.60160000008,
    "medianResTime" : 165013.0,
    "minResTime" : 9021.0,
    "maxResTime" : 295051.0,
    "pct1ResTime" : 245285.80000000005,
    "pct2ResTime" : 255753.5,
    "pct3ResTime" : 282773.44,
    "throughput" : 3.321067523944897,
    "receivedKBytesPerSec" : 64.35537923685189,
    "sentKBytesPerSec" : 0.4313495905123743
  },
  "home-0" : {
    "transaction" : "home-0",
    "sampleCount" : 1250,
    "errorCount" : 0,
    "errorPct" : 0.0,
    "meanResTime" : 290.8488000000003,
    "medianResTime" : 279.0,
    "minResTime" : 246.0,
    "maxResTime" : 1425.0,
    "pct1ResTime" : 312.0,
    "pct2ResTime" : 344.45000000000005,
    "pct3ResTime" : 573.94,
    "throughput" : 10.409640159558965,
    "receivedKBytesPerSec" : 3.5888047703216994,
    "sentKBytesPerSec" : 1.352033341036467
  },
  "Total" : {
    "transaction" : "Total",
    "sampleCount" : 4158,
    "errorCount" : 6,
    "errorPct" : 0.14430015,
    "meanResTime" : 113515.36171236144,
    "medianResTime" : 116235.5,
    "minResTime" : 244.0,
    "maxResTime" : 295333.0,
    "pct1ResTime" : 239972.7,
    "pct2ResTime" : 250333.24999999997,
    "pct3ResTime" : 273845.81999999995,
    "throughput" : 11.035851921055706,
    "receivedKBytesPerSec" : 144.26770367755566,
    "sentKBytesPerSec" : 1.9252566870680412
  },
  "video" : {
    "transaction" : "video",
    "sampleCount" : 136,
    "errorCount" : 0,
    "errorPct" : 0.0,
    "meanResTime" : 226728.93382352937,
    "medianResTime" : 228932.0,
    "minResTime" : 153269.0,
    "maxResTime" : 256697.0,
    "pct1ResTime" : 250397.3,
    "pct2ResTime" : 253145.5,
    "pct3ResTime" : 256548.26,
    "throughput" : 0.47997515422731063,
    "receivedKBytesPerSec" : 8.910135047053446,
    "sentKBytesPerSec" : 0.13405556065333088
  },
  "home" : {
    "transaction" : "home",
    "sampleCount" : 1250,
    "errorCount" : 3,
    "errorPct" : 0.24,
    "meanResTime" : 164130.84239999985,
    "medianResTime" : 165306.5,
    "minResTime" : 9291.0,
    "maxResTime" : 295333.0,
    "pct1ResTime" : 245563.10000000003,
    "pct2ResTime" : 256021.4,
    "pct3ResTime" : 283037.95,
    "throughput" : 3.3176563014236726,
    "receivedKBytesPerSec" : 65.4330647704381,
    "sentKBytesPerSec" : 0.8618130626745087
  }
}